<?xml version="1.0" encoding="UTF-8"?>
<export version="D">
  <design>
    <source>C:\Users\Josip\Google Drive\TVZ\Ostalo\KiCad\Drvce\Drvce.sch</source>
    <date>25.10.2020. 20:43:17</date>
    <tool>Eeschema (5.1.6)-1</tool>
    <sheet number="1" name="/" tstamps="/">
      <title_block>
        <title/>
        <company/>
        <rev/>
        <date/>
        <source>Drvce.sch</source>
        <comment number="1" value=""/>
        <comment number="2" value=""/>
        <comment number="3" value=""/>
        <comment number="4" value=""/>
      </title_block>
    </sheet>
  </design>
  <components>
    <comp ref="U1">
      <value>ATtiny85-20SU</value>
      <footprint>Package_SO:SOIJ-8_5.3x5.3mm_P1.27mm</footprint>
      <datasheet>http://ww1.microchip.com/downloads/en/DeviceDoc/atmel-2586-avr-8-bit-microcontroller-attiny25-attiny45-attiny85_datasheet.pdf</datasheet>
      <fields>
        <field name="LCSC Part #">C89852</field>
      </fields>
      <libsource lib="MCU_Microchip_ATtiny" part="ATtiny85-20SU" description="20MHz, 8kB Flash, 512B SRAM, 512B EEPROM, debugWIRE, SOIJ-8"/>
      <sheetpath names="/" tstamps="/"/>
      <tstamp>5F0F0048</tstamp>
    </comp>
    <comp ref="R2">
      <value>10k</value>
      <footprint>Resistor_SMD:R_0603_1608Metric</footprint>
      <datasheet>~</datasheet>
      <fields>
        <field name="LCSC Part #">C25804</field>
      </fields>
      <libsource lib="Device" part="R_Small" description="Resistor, small symbol"/>
      <sheetpath names="/" tstamps="/"/>
      <tstamp>5F0F84A8</tstamp>
    </comp>
    <comp ref="C2">
      <value>100n</value>
      <footprint>Capacitor_SMD:C_0603_1608Metric</footprint>
      <datasheet>~</datasheet>
      <fields>
        <field name="LCSC Part #">C14663</field>
      </fields>
      <libsource lib="Device" part="C_Small" description="Unpolarized capacitor, small symbol"/>
      <sheetpath names="/" tstamps="/"/>
      <tstamp>5F13790A</tstamp>
    </comp>
    <comp ref="C3">
      <value>100n</value>
      <footprint>Capacitor_SMD:C_0603_1608Metric</footprint>
      <datasheet>~</datasheet>
      <fields>
        <field name="LCSC Part #">C14663</field>
      </fields>
      <libsource lib="Device" part="C_Small" description="Unpolarized capacitor, small symbol"/>
      <sheetpath names="/" tstamps="/"/>
      <tstamp>5F137A1A</tstamp>
    </comp>
    <comp ref="C4">
      <value>100n</value>
      <footprint>Capacitor_SMD:C_0603_1608Metric</footprint>
      <datasheet>~</datasheet>
      <fields>
        <field name="LCSC Part #">C14663</field>
      </fields>
      <libsource lib="Device" part="C_Small" description="Unpolarized capacitor, small symbol"/>
      <sheetpath names="/" tstamps="/"/>
      <tstamp>5F137E73</tstamp>
    </comp>
    <comp ref="C5">
      <value>100n</value>
      <footprint>Capacitor_SMD:C_0603_1608Metric</footprint>
      <datasheet>~</datasheet>
      <fields>
        <field name="LCSC Part #">C14663</field>
      </fields>
      <libsource lib="Device" part="C_Small" description="Unpolarized capacitor, small symbol"/>
      <sheetpath names="/" tstamps="/"/>
      <tstamp>5F138206</tstamp>
    </comp>
    <comp ref="C6">
      <value>100n</value>
      <footprint>Capacitor_SMD:C_0603_1608Metric</footprint>
      <datasheet>~</datasheet>
      <fields>
        <field name="LCSC Part #">C14663</field>
      </fields>
      <libsource lib="Device" part="C_Small" description="Unpolarized capacitor, small symbol"/>
      <sheetpath names="/" tstamps="/"/>
      <tstamp>5F1385F5</tstamp>
    </comp>
    <comp ref="C7">
      <value>100n</value>
      <footprint>Capacitor_SMD:C_0603_1608Metric</footprint>
      <datasheet>~</datasheet>
      <fields>
        <field name="LCSC Part #">C14663</field>
      </fields>
      <libsource lib="Device" part="C_Small" description="Unpolarized capacitor, small symbol"/>
      <sheetpath names="/" tstamps="/"/>
      <tstamp>5F13896E</tstamp>
    </comp>
    <comp ref="C8">
      <value>100n</value>
      <footprint>Capacitor_SMD:C_0603_1608Metric</footprint>
      <datasheet>~</datasheet>
      <fields>
        <field name="LCSC Part #">C14663</field>
      </fields>
      <libsource lib="Device" part="C_Small" description="Unpolarized capacitor, small symbol"/>
      <sheetpath names="/" tstamps="/"/>
      <tstamp>5F138BDB</tstamp>
    </comp>
    <comp ref="C9">
      <value>100n</value>
      <footprint>Capacitor_SMD:C_0603_1608Metric</footprint>
      <datasheet>~</datasheet>
      <fields>
        <field name="LCSC Part #">C14663</field>
      </fields>
      <libsource lib="Device" part="C_Small" description="Unpolarized capacitor, small symbol"/>
      <sheetpath names="/" tstamps="/"/>
      <tstamp>5F138E78</tstamp>
    </comp>
    <comp ref="C10">
      <value>100n</value>
      <footprint>Capacitor_SMD:C_0603_1608Metric</footprint>
      <datasheet>~</datasheet>
      <fields>
        <field name="LCSC Part #">C14663</field>
      </fields>
      <libsource lib="Device" part="C_Small" description="Unpolarized capacitor, small symbol"/>
      <sheetpath names="/" tstamps="/"/>
      <tstamp>5F139084</tstamp>
    </comp>
    <comp ref="C11">
      <value>100n</value>
      <footprint>Capacitor_SMD:C_0603_1608Metric</footprint>
      <datasheet>~</datasheet>
      <fields>
        <field name="LCSC Part #">C14663</field>
      </fields>
      <libsource lib="Device" part="C_Small" description="Unpolarized capacitor, small symbol"/>
      <sheetpath names="/" tstamps="/"/>
      <tstamp>5F139295</tstamp>
    </comp>
    <comp ref="C12">
      <value>100n</value>
      <footprint>Capacitor_SMD:C_0603_1608Metric</footprint>
      <datasheet>~</datasheet>
      <fields>
        <field name="LCSC Part #">C14663</field>
      </fields>
      <libsource lib="Device" part="C_Small" description="Unpolarized capacitor, small symbol"/>
      <sheetpath names="/" tstamps="/"/>
      <tstamp>5F1394B8</tstamp>
    </comp>
    <comp ref="C13">
      <value>100n</value>
      <footprint>Capacitor_SMD:C_0603_1608Metric</footprint>
      <datasheet>~</datasheet>
      <fields>
        <field name="LCSC Part #">C14663</field>
      </fields>
      <libsource lib="Device" part="C_Small" description="Unpolarized capacitor, small symbol"/>
      <sheetpath names="/" tstamps="/"/>
      <tstamp>5F1396FF</tstamp>
    </comp>
    <comp ref="C14">
      <value>100n</value>
      <footprint>Capacitor_SMD:C_0603_1608Metric</footprint>
      <datasheet>~</datasheet>
      <fields>
        <field name="LCSC Part #">C14663</field>
      </fields>
      <libsource lib="Device" part="C_Small" description="Unpolarized capacitor, small symbol"/>
      <sheetpath names="/" tstamps="/"/>
      <tstamp>5F1399B0</tstamp>
    </comp>
    <comp ref="C15">
      <value>100n</value>
      <footprint>Capacitor_SMD:C_0603_1608Metric</footprint>
      <datasheet>~</datasheet>
      <fields>
        <field name="LCSC Part #">C14663</field>
      </fields>
      <libsource lib="Device" part="C_Small" description="Unpolarized capacitor, small symbol"/>
      <sheetpath names="/" tstamps="/"/>
      <tstamp>5F139D94</tstamp>
    </comp>
    <comp ref="H2">
      <value>MountingHole_Pad</value>
      <footprint>MountingHole:MountingHole_2.7mm_M2.5_DIN965_Pad</footprint>
      <datasheet>~</datasheet>
      <libsource lib="Mechanical" part="MountingHole_Pad" description="Mounting Hole with connection"/>
      <sheetpath names="/" tstamps="/"/>
      <tstamp>5F4A9747</tstamp>
    </comp>
    <comp ref="H1">
      <value>MountingHole_Pad</value>
      <footprint>MountingHole:MountingHole_2.7mm_M2.5_DIN965_Pad</footprint>
      <datasheet>~</datasheet>
      <libsource lib="Mechanical" part="MountingHole_Pad" description="Mounting Hole with connection"/>
      <sheetpath names="/" tstamps="/"/>
      <tstamp>5F4AB1ED</tstamp>
    </comp>
    <comp ref="R4">
      <value>10k</value>
      <footprint>Resistor_SMD:R_0603_1608Metric</footprint>
      <datasheet>~</datasheet>
      <fields>
        <field name="LCSC Part #">C25804</field>
      </fields>
      <libsource lib="Device" part="R_Small" description="Resistor, small symbol"/>
      <sheetpath names="/" tstamps="/"/>
      <tstamp>5F53EA4A</tstamp>
    </comp>
    <comp ref="R3">
      <value>R_PHOTO</value>
      <footprint>Drvce:R_LDR_5.1x4.3mm_P3.4mm_Vertical_edited</footprint>
      <datasheet>~</datasheet>
      <libsource lib="Device" part="R_PHOTO" description="Photoresistor"/>
      <sheetpath names="/" tstamps="/"/>
      <tstamp>5F53F936</tstamp>
    </comp>
    <comp ref="D1">
      <value>WS2812B</value>
      <footprint>Drvce:LED_WS2812B_edited</footprint>
      <datasheet>https://cdn-shop.adafruit.com/datasheets/WS2812B.pdf</datasheet>
      <fields>
        <field name="LCSC Part #">C114587</field>
      </fields>
      <libsource lib="LED" part="WS2812B" description="RGB LED with integrated controller"/>
      <sheetpath names="/" tstamps="/"/>
      <tstamp>5F5BF192</tstamp>
    </comp>
    <comp ref="R1">
      <value>470</value>
      <footprint>Resistor_SMD:R_0603_1608Metric</footprint>
      <datasheet>~</datasheet>
      <fields>
        <field name="LCSC Part #">C23179</field>
      </fields>
      <libsource lib="Device" part="R_Small" description="Resistor, small symbol"/>
      <sheetpath names="/" tstamps="/"/>
      <tstamp>5F5BF198</tstamp>
    </comp>
    <comp ref="D2">
      <value>WS2812B</value>
      <footprint>Drvce:LED_WS2812B_edited</footprint>
      <datasheet>https://cdn-shop.adafruit.com/datasheets/WS2812B.pdf</datasheet>
      <fields>
        <field name="LCSC Part #">C114587</field>
      </fields>
      <libsource lib="LED" part="WS2812B" description="RGB LED with integrated controller"/>
      <sheetpath names="/" tstamps="/"/>
      <tstamp>5F5BF1A5</tstamp>
    </comp>
    <comp ref="D3">
      <value>WS2812B</value>
      <footprint>Drvce:LED_WS2812B_edited</footprint>
      <datasheet>https://cdn-shop.adafruit.com/datasheets/WS2812B.pdf</datasheet>
      <fields>
        <field name="LCSC Part #">C114587</field>
      </fields>
      <libsource lib="LED" part="WS2812B" description="RGB LED with integrated controller"/>
      <sheetpath names="/" tstamps="/"/>
      <tstamp>5F5BF1B1</tstamp>
    </comp>
    <comp ref="D4">
      <value>WS2812B</value>
      <footprint>Drvce:LED_WS2812B_edited</footprint>
      <datasheet>https://cdn-shop.adafruit.com/datasheets/WS2812B.pdf</datasheet>
      <fields>
        <field name="LCSC Part #">C114587</field>
      </fields>
      <libsource lib="LED" part="WS2812B" description="RGB LED with integrated controller"/>
      <sheetpath names="/" tstamps="/"/>
      <tstamp>5F5BF1BD</tstamp>
    </comp>
    <comp ref="D5">
      <value>WS2812B</value>
      <footprint>Drvce:LED_WS2812B_edited</footprint>
      <datasheet>https://cdn-shop.adafruit.com/datasheets/WS2812B.pdf</datasheet>
      <fields>
        <field name="LCSC Part #">C114587</field>
      </fields>
      <libsource lib="LED" part="WS2812B" description="RGB LED with integrated controller"/>
      <sheetpath names="/" tstamps="/"/>
      <tstamp>5F5BF1C9</tstamp>
    </comp>
    <comp ref="D6">
      <value>WS2812B</value>
      <footprint>Drvce:LED_WS2812B_edited</footprint>
      <datasheet>https://cdn-shop.adafruit.com/datasheets/WS2812B.pdf</datasheet>
      <fields>
        <field name="LCSC Part #">C114587</field>
      </fields>
      <libsource lib="LED" part="WS2812B" description="RGB LED with integrated controller"/>
      <sheetpath names="/" tstamps="/"/>
      <tstamp>5F5BF231</tstamp>
    </comp>
    <comp ref="D7">
      <value>WS2812B</value>
      <footprint>Drvce:LED_WS2812B_edited</footprint>
      <datasheet>https://cdn-shop.adafruit.com/datasheets/WS2812B.pdf</datasheet>
      <fields>
        <field name="LCSC Part #">C114587</field>
      </fields>
      <libsource lib="LED" part="WS2812B" description="RGB LED with integrated controller"/>
      <sheetpath names="/" tstamps="/"/>
      <tstamp>5F5BF23D</tstamp>
    </comp>
    <comp ref="D8">
      <value>WS2812B</value>
      <footprint>Drvce:LED_WS2812B_edited</footprint>
      <datasheet>https://cdn-shop.adafruit.com/datasheets/WS2812B.pdf</datasheet>
      <fields>
        <field name="LCSC Part #">C114587</field>
      </fields>
      <libsource lib="LED" part="WS2812B" description="RGB LED with integrated controller"/>
      <sheetpath names="/" tstamps="/"/>
      <tstamp>5F5BF249</tstamp>
    </comp>
    <comp ref="D9">
      <value>WS2812B</value>
      <footprint>Drvce:LED_WS2812B_edited</footprint>
      <datasheet>https://cdn-shop.adafruit.com/datasheets/WS2812B.pdf</datasheet>
      <fields>
        <field name="LCSC Part #">C114587</field>
      </fields>
      <libsource lib="LED" part="WS2812B" description="RGB LED with integrated controller"/>
      <sheetpath names="/" tstamps="/"/>
      <tstamp>5F5BF255</tstamp>
    </comp>
    <comp ref="D10">
      <value>WS2812B</value>
      <footprint>Drvce:LED_WS2812B_edited</footprint>
      <datasheet>https://cdn-shop.adafruit.com/datasheets/WS2812B.pdf</datasheet>
      <fields>
        <field name="LCSC Part #">C114587</field>
      </fields>
      <libsource lib="LED" part="WS2812B" description="RGB LED with integrated controller"/>
      <sheetpath names="/" tstamps="/"/>
      <tstamp>5F5BF261</tstamp>
    </comp>
    <comp ref="C16">
      <value>100n</value>
      <footprint>Capacitor_SMD:C_0603_1608Metric</footprint>
      <datasheet>~</datasheet>
      <fields>
        <field name="LCSC Part #">C14663</field>
      </fields>
      <libsource lib="Device" part="C_Small" description="Unpolarized capacitor, small symbol"/>
      <sheetpath names="/" tstamps="/"/>
      <tstamp>5F653BAF</tstamp>
    </comp>
    <comp ref="C1">
      <value>100n</value>
      <footprint>Capacitor_SMD:C_0603_1608Metric</footprint>
      <datasheet>~</datasheet>
      <fields>
        <field name="LCSC Part #">C14663</field>
      </fields>
      <libsource lib="Device" part="C_Small" description="Unpolarized capacitor, small symbol"/>
      <sheetpath names="/" tstamps="/"/>
      <tstamp>5F0F18FF</tstamp>
    </comp>
    <comp ref="D15">
      <value>WS2812B</value>
      <footprint>Drvce:LED_WS2812B_edited</footprint>
      <datasheet>https://cdn-shop.adafruit.com/datasheets/WS2812B.pdf</datasheet>
      <fields>
        <field name="LCSC Part #">C114587</field>
      </fields>
      <libsource lib="LED" part="WS2812B" description="RGB LED with integrated controller"/>
      <sheetpath names="/" tstamps="/"/>
      <tstamp>5F5BF219</tstamp>
    </comp>
    <comp ref="D14">
      <value>WS2812B</value>
      <footprint>Drvce:LED_WS2812B_edited</footprint>
      <datasheet>https://cdn-shop.adafruit.com/datasheets/WS2812B.pdf</datasheet>
      <fields>
        <field name="LCSC Part #">C114587</field>
      </fields>
      <libsource lib="LED" part="WS2812B" description="RGB LED with integrated controller"/>
      <sheetpath names="/" tstamps="/"/>
      <tstamp>5F5BF20D</tstamp>
    </comp>
    <comp ref="D13">
      <value>WS2812B</value>
      <footprint>Drvce:LED_WS2812B_edited</footprint>
      <datasheet>https://cdn-shop.adafruit.com/datasheets/WS2812B.pdf</datasheet>
      <fields>
        <field name="LCSC Part #">C114587</field>
      </fields>
      <libsource lib="LED" part="WS2812B" description="RGB LED with integrated controller"/>
      <sheetpath names="/" tstamps="/"/>
      <tstamp>5F5BF201</tstamp>
    </comp>
    <comp ref="D12">
      <value>WS2812B</value>
      <footprint>Drvce:LED_WS2812B_edited</footprint>
      <datasheet>https://cdn-shop.adafruit.com/datasheets/WS2812B.pdf</datasheet>
      <fields>
        <field name="LCSC Part #">C114587</field>
      </fields>
      <libsource lib="LED" part="WS2812B" description="RGB LED with integrated controller"/>
      <sheetpath names="/" tstamps="/"/>
      <tstamp>5F5BF1F5</tstamp>
    </comp>
    <comp ref="D11">
      <value>WS2812B</value>
      <footprint>Drvce:LED_WS2812B_edited</footprint>
      <datasheet>https://cdn-shop.adafruit.com/datasheets/WS2812B.pdf</datasheet>
      <fields>
        <field name="LCSC Part #">C114587</field>
      </fields>
      <libsource lib="LED" part="WS2812B" description="RGB LED with integrated controller"/>
      <sheetpath names="/" tstamps="/"/>
      <tstamp>5F5BF1E9</tstamp>
    </comp>
  </components>
  <libparts>
    <libpart lib="Device" part="C_Small">
      <description>Unpolarized capacitor, small symbol</description>
      <docs>~</docs>
      <footprints>
        <fp>C_*</fp>
      </footprints>
      <fields>
        <field name="Reference">C</field>
        <field name="Value">C_Small</field>
      </fields>
      <pins>
        <pin num="1" name="~" type="passive"/>
        <pin num="2" name="~" type="passive"/>
      </pins>
    </libpart>
    <libpart lib="Device" part="R_PHOTO">
      <description>Photoresistor</description>
      <docs>~</docs>
      <footprints>
        <fp>*LDR*</fp>
        <fp>R?LDR*</fp>
      </footprints>
      <fields>
        <field name="Reference">R</field>
        <field name="Value">R_PHOTO</field>
      </fields>
      <pins>
        <pin num="1" name="~" type="passive"/>
        <pin num="2" name="~" type="passive"/>
      </pins>
    </libpart>
    <libpart lib="Device" part="R_Small">
      <description>Resistor, small symbol</description>
      <docs>~</docs>
      <footprints>
        <fp>R_*</fp>
      </footprints>
      <fields>
        <field name="Reference">R</field>
        <field name="Value">R_Small</field>
      </fields>
      <pins>
        <pin num="1" name="~" type="passive"/>
        <pin num="2" name="~" type="passive"/>
      </pins>
    </libpart>
    <libpart lib="LED" part="WS2812B">
      <description>RGB LED with integrated controller</description>
      <docs>https://cdn-shop.adafruit.com/datasheets/WS2812B.pdf</docs>
      <footprints>
        <fp>LED*WS2812*PLCC*5.0x5.0mm*P3.2mm*</fp>
      </footprints>
      <fields>
        <field name="Reference">D</field>
        <field name="Value">WS2812B</field>
        <field name="Footprint">LED_SMD:LED_WS2812B_PLCC4_5.0x5.0mm_P3.2mm</field>
      </fields>
      <pins>
        <pin num="1" name="VDD" type="power_in"/>
        <pin num="2" name="DOUT" type="output"/>
        <pin num="3" name="VSS" type="power_in"/>
        <pin num="4" name="DIN" type="input"/>
      </pins>
    </libpart>
    <libpart lib="MCU_Microchip_ATtiny" part="ATtiny25V-10SU">
      <aliases>
        <alias>ATtiny25-20SU</alias>
        <alias>ATtiny45V-10SU</alias>
        <alias>ATtiny45-20SU</alias>
        <alias>ATtiny85V-10SU</alias>
        <alias>ATtiny85-20SU</alias>
      </aliases>
      <description>10MHz, 2kB Flash, 128B SRAM, 128B EEPROM, debugWIRE, SOIJ-8</description>
      <docs>http://ww1.microchip.com/downloads/en/DeviceDoc/atmel-2586-avr-8-bit-microcontroller-attiny25-attiny45-attiny85_datasheet.pdf</docs>
      <footprints>
        <fp>SOIJ*5.3x5.3mm*P1.27mm*</fp>
      </footprints>
      <fields>
        <field name="Reference">U</field>
        <field name="Value">ATtiny25V-10SU</field>
        <field name="Footprint">Package_SO:SOIJ-8_5.3x5.3mm_P1.27mm</field>
      </fields>
      <pins>
        <pin num="1" name="~RESET~/PB5" type="BiDi"/>
        <pin num="2" name="XTAL1/PB3" type="BiDi"/>
        <pin num="3" name="XTAL2/PB4" type="BiDi"/>
        <pin num="4" name="GND" type="power_in"/>
        <pin num="5" name="AREF/PB0" type="BiDi"/>
        <pin num="6" name="PB1" type="BiDi"/>
        <pin num="7" name="PB2" type="BiDi"/>
        <pin num="8" name="VCC" type="power_in"/>
      </pins>
    </libpart>
    <libpart lib="Mechanical" part="MountingHole_Pad">
      <description>Mounting Hole with connection</description>
      <docs>~</docs>
      <footprints>
        <fp>MountingHole*Pad*</fp>
      </footprints>
      <fields>
        <field name="Reference">H</field>
        <field name="Value">MountingHole_Pad</field>
      </fields>
      <pins>
        <pin num="1" name="1" type="input"/>
      </pins>
    </libpart>
  </libparts>
  <libraries>
    <library logical="Device">
      <uri>C:\Program Files\KiCad\share\kicad\library/Device.lib</uri>
    </library>
    <library logical="LED">
      <uri>C:\Program Files\KiCad\share\kicad\library/LED.lib</uri>
    </library>
    <library logical="MCU_Microchip_ATtiny">
      <uri>C:\Program Files\KiCad\share\kicad\library/MCU_Microchip_ATtiny.lib</uri>
    </library>
    <library logical="Mechanical">
      <uri>C:\Program Files\KiCad\share\kicad\library/Mechanical.lib</uri>
    </library>
  </libraries>
  <nets>
    <net code="1" name="Net-(D6-Pad2)">
      <node ref="D7" pin="4"/>
      <node ref="D6" pin="2"/>
    </net>
    <net code="2" name="Net-(D7-Pad2)">
      <node ref="D7" pin="2"/>
      <node ref="D8" pin="4"/>
    </net>
    <net code="3" name="GND">
      <node ref="C12" pin="2"/>
      <node ref="C11" pin="2"/>
      <node ref="C10" pin="2"/>
      <node ref="C9" pin="2"/>
      <node ref="C8" pin="2"/>
      <node ref="D12" pin="3"/>
      <node ref="C16" pin="2"/>
      <node ref="D14" pin="3"/>
      <node ref="D15" pin="3"/>
      <node ref="D11" pin="3"/>
      <node ref="C13" pin="2"/>
      <node ref="C1" pin="2"/>
      <node ref="C15" pin="2"/>
      <node ref="C14" pin="2"/>
      <node ref="R4" pin="2"/>
      <node ref="C3" pin="2"/>
      <node ref="U1" pin="4"/>
      <node ref="C7" pin="2"/>
      <node ref="C6" pin="2"/>
      <node ref="C5" pin="2"/>
      <node ref="C4" pin="2"/>
      <node ref="C2" pin="2"/>
      <node ref="H2" pin="1"/>
      <node ref="D2" pin="3"/>
      <node ref="D10" pin="3"/>
      <node ref="D3" pin="3"/>
      <node ref="D4" pin="3"/>
      <node ref="D1" pin="3"/>
      <node ref="D5" pin="3"/>
      <node ref="D9" pin="3"/>
      <node ref="D6" pin="3"/>
      <node ref="D8" pin="3"/>
      <node ref="D13" pin="3"/>
      <node ref="D7" pin="3"/>
    </net>
    <net code="4" name="Net-(D5-Pad2)">
      <node ref="D6" pin="4"/>
      <node ref="D5" pin="2"/>
    </net>
    <net code="5" name="Net-(D10-Pad4)">
      <node ref="D9" pin="2"/>
      <node ref="D10" pin="4"/>
    </net>
    <net code="6" name="Net-(D10-Pad2)">
      <node ref="D11" pin="4"/>
      <node ref="D10" pin="2"/>
    </net>
    <net code="7" name="Net-(D8-Pad2)">
      <node ref="D8" pin="2"/>
      <node ref="D9" pin="4"/>
    </net>
    <net code="8" name="Net-(D3-Pad2)">
      <node ref="D3" pin="2"/>
      <node ref="D4" pin="4"/>
    </net>
    <net code="9" name="Net-(D1-Pad2)">
      <node ref="D1" pin="2"/>
      <node ref="D2" pin="4"/>
    </net>
    <net code="10" name="Net-(D2-Pad2)">
      <node ref="D3" pin="4"/>
      <node ref="D2" pin="2"/>
    </net>
    <net code="11" name="PB4">
      <node ref="R1" pin="2"/>
      <node ref="U1" pin="3"/>
    </net>
    <net code="12" name="Net-(D1-Pad4)">
      <node ref="D1" pin="4"/>
      <node ref="R1" pin="1"/>
    </net>
    <net code="13" name="Net-(D4-Pad2)">
      <node ref="D4" pin="2"/>
      <node ref="D5" pin="4"/>
    </net>
    <net code="14" name="Net-(D12-Pad2)">
      <node ref="D12" pin="2"/>
      <node ref="D13" pin="4"/>
    </net>
    <net code="15" name="Net-(D13-Pad2)">
      <node ref="D13" pin="2"/>
      <node ref="D14" pin="4"/>
    </net>
    <net code="16" name="Net-(D14-Pad2)">
      <node ref="D15" pin="4"/>
      <node ref="D14" pin="2"/>
    </net>
    <net code="17" name="Net-(D15-Pad2)">
      <node ref="D15" pin="2"/>
    </net>
    <net code="18" name="Net-(U1-Pad7)">
      <node ref="U1" pin="7"/>
    </net>
    <net code="19" name="Net-(U1-Pad6)">
      <node ref="U1" pin="6"/>
    </net>
    <net code="20" name="Net-(U1-Pad5)">
      <node ref="U1" pin="5"/>
    </net>
    <net code="21" name="+5V">
      <node ref="D10" pin="1"/>
      <node ref="D9" pin="1"/>
      <node ref="H1" pin="1"/>
      <node ref="C2" pin="1"/>
      <node ref="C4" pin="1"/>
      <node ref="C5" pin="1"/>
      <node ref="C6" pin="1"/>
      <node ref="D7" pin="1"/>
      <node ref="D6" pin="1"/>
      <node ref="R2" pin="1"/>
      <node ref="R3" pin="2"/>
      <node ref="D8" pin="1"/>
      <node ref="D11" pin="1"/>
      <node ref="D13" pin="1"/>
      <node ref="D14" pin="1"/>
      <node ref="D15" pin="1"/>
      <node ref="D12" pin="1"/>
      <node ref="C16" pin="1"/>
      <node ref="D4" pin="1"/>
      <node ref="C1" pin="1"/>
      <node ref="C9" pin="1"/>
      <node ref="D5" pin="1"/>
      <node ref="D1" pin="1"/>
      <node ref="C8" pin="1"/>
      <node ref="D2" pin="1"/>
      <node ref="D3" pin="1"/>
      <node ref="U1" pin="8"/>
      <node ref="C3" pin="1"/>
      <node ref="C7" pin="1"/>
      <node ref="C11" pin="1"/>
      <node ref="C12" pin="1"/>
      <node ref="C14" pin="1"/>
      <node ref="C15" pin="1"/>
      <node ref="C13" pin="1"/>
      <node ref="C10" pin="1"/>
    </net>
    <net code="22" name="Net-(D11-Pad2)">
      <node ref="D12" pin="4"/>
      <node ref="D11" pin="2"/>
    </net>
    <net code="23" name="PB5_RESET">
      <node ref="R2" pin="2"/>
      <node ref="U1" pin="1"/>
    </net>
    <net code="24" name="PB3_AI">
      <node ref="R4" pin="1"/>
      <node ref="R3" pin="1"/>
      <node ref="U1" pin="2"/>
    </net>
  </nets>
</export>
